Date,Index_Value,Unit,Sequence No.,Industry
2025-07-31,115.6796551,Index,10,Overall
2025-07-31,121.2454868,Index,20,Vegetable Ghee
2025-07-31,87.87241144,Index,30,Tea Blended
2025-07-31,67.10511565,Index,40,Cigarettes
2025-07-31,78.7659236,Index,50,Cotton Yarn
2025-07-31,84.64341699,Index,60,Cotton Cloth
2025-07-31,72.57164527,Index,70,Jute Goods
2025-07-31,141.3935373,Index,80,Paper & Board
2025-07-31,112.61007,Index,90,Cement
2025-07-31,97.62405658,Index,100,Automobiles
2025-07-31,119.9381328,Index,110,Fertilizers
2025-06-30,112.749068,Index,10,Overall
2025-06-30,119.1487305,Index,20,Vegetable Ghee
2025-06-30,80.09693944,Index,30,Tea Blended
2025-06-30,45.89514592,Index,40,Cigarettes
2025-06-30,78.2616892,Index,50,Cotton Yarn
2025-06-30,84.42516862,Index,60,Cotton Cloth
2025-06-30,51.5954277,Index,70,Jute Goods
2025-06-30,113.3280552,Index,80,Paper & Board
2025-06-30,98.25016934,Index,90,Cement
2025-06-30,109.0800668,Index,100,Automobiles
2025-06-30,116.6959181,Index,110,Fertilizers
2025-05-31,117.2519852,Index,10,Overall
2025-05-31,121.4262583,Index,20,Vegetable Ghee
2025-05-31,86.84496945,Index,30,Tea Blended
2025-05-31,77.93430739,Index,40,Cigarettes
2025-05-31,80.26876058,Index,50,Cotton Yarn
2025-05-31,84.52794166,Index,60,Cotton Cloth
2025-05-31,49.23343626,Index,70,Jute Goods
2025-05-31,127.1109843,Index,80,Paper & Board
2025-05-31,123.0074509,Index,90,Cement
2025-05-31,105.0993308,Index,100,Automobiles
2025-05-31,125.7165765,Index,110,Fertilizers
2025-04-30,108.0134197,Index,10,Overall
2025-04-30,120.9061776,Index,20,Vegetable Ghee
2025-04-30,88.56898228,Index,30,Tea Blended
2025-04-30,75.82676283,Index,40,Cigarettes
2025-04-30,80.16305106,Index,50,Cotton Yarn
2025-04-30,84.49329906,Index,60,Cotton Cloth
2025-04-30,44.11939975,Index,70,Jute Goods
2025-04-30,126.1471431,Index,80,Paper & Board
2025-04-30,91.4427636,Index,90,Cement
2025-04-30,87.23699777,Index,100,Automobiles
2025-04-30,116.6669542,Index,110,Fertilizers
2025-03-31,112.4217292,Index,10,Overall
2025-03-31,120.7254061,Index,20,Vegetable Ghee
2025-03-31,100.6631935,Index,30,Tea Blended
2025-03-31,60.53585442,Index,40,Cigarettes
2025-03-31,80.14930882,Index,50,Cotton Yarn
2025-03-31,84.45865646,Index,60,Cotton Cloth
2025-03-31,52.37553497,Index,70,Jute Goods
2025-03-31,141.3758341,Index,80,Paper & Board
2025-03-31,108.1056672,Index,90,Cement
2025-03-31,67.41958011,Index,100,Automobiles
2025-03-31,123.2200544,Index,110,Fertilizers
2025-02-28,123.53707,Index,10,Overall
2025-02-28,117.7605599,Index,20,Vegetable Ghee
2025-02-28,112.6529191,Index,30,Tea Blended
2025-02-28,75.8716042,Index,40,Cigarettes
2025-02-28,77.57316787,Index,50,Cotton Yarn
2025-02-28,84.4528827,Index,60,Cotton Cloth
2025-02-28,41.54071185,Index,70,Jute Goods
2025-02-28,124.7249856,Index,80,Paper & Board
2025-02-28,100.7902461,Index,90,Cement
2025-02-28,84.51420529,Index,100,Automobiles
2025-02-28,94.4857155,Index,110,Fertilizers
2025-01-31,130.2647596,Index,10,Overall
2025-01-31,121.3846905,Index,20,Vegetable Ghee
2025-01-31,95.65659058,Index,30,Tea Blended
2025-01-31,58.49557191,Index,40,Cigarettes
2025-01-31,77.56964422,Index,50,Cotton Yarn
2025-01-31,84.44710893,Index,60,Cotton Cloth
2025-01-31,51.638767,Index,70,Jute Goods
2025-01-31,130.3565721,Index,80,Paper & Board
2025-01-31,108.2072703,Index,90,Cement
2025-01-31,89.14128469,Index,100,Automobiles
2025-01-31,109.7483604,Index,110,Fertilizers
2024-12-31,127.9445689,Index,10,Overall
2024-12-31,120.3300289,Index,20,Vegetable Ghee
2024-12-31,96.47506131,Index,30,Tea Blended
2024-12-31,49.97571092,Index,40,Cigarettes
2024-12-31,77.56259692,Index,50,Cotton Yarn
2024-12-31,84.44479942,Index,60,Cotton Cloth
2024-12-31,55.21425863,Index,70,Jute Goods
2024-12-31,131.9518276,Index,80,Paper & Board
2024-12-31,117.0467374,Index,90,Cement
2024-12-31,71.65964705,Index,100,Automobiles
2024-12-31,122.3274147,Index,110,Fertilizers
2024-11-30,107.1654406,Index,10,Overall
2024-11-30,121.3363559,Index,20,Vegetable Ghee
2024-11-30,96.83205387,Index,30,Tea Blended
2024-11-30,67.06027428,Index,40,Cigarettes
2024-11-30,77.55907327,Index,50,Cotton Yarn
2024-11-30,84.44133516,Index,60,Cotton Cloth
2024-11-30,60.69667913,Index,70,Jute Goods
2024-11-30,132.673725,Index,80,Paper & Board
2024-11-30,113.5583653,Index,90,Cement
2024-11-30,69.40170414,Index,100,Automobiles
2024-11-30,113.0932638,Index,110,Fertilizers
2024-10-31,109.3249689,Index,10,Overall
2024-10-31,117.2366125,Index,20,Vegetable Ghee
2024-10-31,96.32704001,Index,30,Tea Blended
2024-10-31,76.45454206,Index,40,Cigarettes
2024-10-31,77.55554962,Index,50,Cotton Yarn
2024-10-31,84.41246633,Index,60,Cotton Cloth
2024-10-31,58.26967875,Index,70,Jute Goods
2024-10-31,127.8722222,Index,80,Paper & Board
2024-10-31,119.9932265,Index,90,Cement
2024-10-31,74.36662844,Index,100,Automobiles
2024-10-31,121.1958976,Index,110,Fertilizers
2024-09-30,111.6822676,Index,10,Overall
2024-09-30,119.5315408,Index,20,Vegetable Ghee
2024-09-30,107.1413023,Index,30,Tea Blended
2024-09-30,74.79541123,Index,40,Cigarettes
2024-09-30,77.52736041,Index,50,Cotton Yarn
2024-09-30,84.35472867,Index,60,Cotton Cloth
2024-09-30,55.08424075,Index,70,Jute Goods
2024-09-30,137.5735789,Index,80,Paper & Board
2024-09-30,106.920298,Index,90,Cement
2024-09-30,69.46828033,Index,100,Automobiles
2024-09-30,120.6400347,Index,110,Fertilizers
2024-08-31,111.4324561,Index,10,Overall
2024-08-31,113.948891,Index,20,Vegetable Ghee
2024-08-31,94.63785572,Index,30,Tea Blended
2024-08-31,59.86323381,Index,40,Cigarettes
2024-08-31,77.50445668,Index,50,Cotton Yarn
2024-08-31,84.33740737,Index,60,Cotton Cloth
2024-08-31,59.54818788,Index,70,Jute Goods
2024-08-31,137.3316351,Index,80,Paper & Board
2024-08-31,97.3357417,Index,90,Cement
2024-08-31,49.65795276,Index,100,Automobiles
2024-08-31,120.4559018,Index,110,Fertilizers
2024-07-31,106.1426442,Index,10,Overall
2024-07-31,113.640516,Index,20,Vegetable Ghee
2024-07-31,91.48587267,Index,30,Tea Blended
2024-07-31,67.06027428,Index,40,Cigarettes
2024-07-31,77.44807827,Index,50,Cotton Yarn
2024-07-31,84.30853853,Index,60,Cotton Cloth
2024-07-31,59.56985752,Index,70,Jute Goods
2024-07-31,122.9408959,Index,80,Paper & Board
2024-07-31,94.82953263,Index,90,Cement
2024-07-31,61.86682652,Index,100,Automobiles
2024-07-31,121.8889134,Index,110,Fertilizers
2024-06-30,108.4632019,Index,10,Overall
2024-06-30,118.6856847,Index,20,Vegetable Ghee
2024-06-30,82.25630905,Index,30,Tea Blended
2024-06-30,54.81857928,Index,40,Cigarettes
2024-06-30,77.40473737,Index,50,Cotton Yarn
2024-06-30,84.23925334,Index,60,Cotton Cloth
2024-06-30,50.1869007,Index,70,Jute Goods
2024-06-30,117.01819,Index,80,Paper & Board
2024-06-30,105.9042673,Index,90,Cement
2024-06-30,65.89908362,Index,100,Automobiles
2024-06-30,106.065257,Index,110,Fertilizers
2024-05-31,113.9684279,Index,10,Overall
2024-05-31,121.5124583,Index,20,Vegetable Ghee
2024-05-31,86.31383419,Index,30,Tea Blended
2024-05-31,91.07282986,Index,40,Cigarettes
2024-05-31,75.35643928,Index,50,Cotton Yarn
2024-05-31,84.16419437,Index,60,Cotton Cloth
2024-05-31,106.2896148,Index,70,Jute Goods
2024-05-31,133.9444218,Index,80,Paper & Board
2024-05-31,112.8132761,Index,90,Cement
2024-05-31,66.69420392,Index,100,Automobiles
2024-05-31,104.442038,Index,110,Fertilizers
2024-04-30,105.9348945,Index,10,Overall
2024-04-30,113.1349358,Index,20,Vegetable Ghee
2024-04-30,97.51121044,Index,30,Tea Blended
2024-04-30,69.5713912,Index,40,Cigarettes
2024-04-30,73.77255834,Index,50,Cotton Yarn
2024-04-30,84.12377801,Index,60,Cotton Cloth
2024-04-30,74.6952706,Index,70,Jute Goods
2024-04-30,113.743097,Index,80,Paper & Board
2024-04-30,88.25920072,Index,90,Cement
2024-04-30,54.4736394,Index,100,Automobiles
2024-04-30,111.041471,Index,110,Fertilizers
2024-03-31,115.1473985,Index,10,Overall
2024-03-31,117.2143786,Index,20,Vegetable Ghee
2024-03-31,107.7333875,Index,30,Tea Blended
2024-03-31,80.96110011,Index,40,Cigarettes
2024-03-31,73.66191571,Index,50,Cotton Yarn
2024-03-31,83.83508968,Index,60,Cotton Cloth
2024-03-31,95.82317569,Index,70,Jute Goods
2024-03-31,138.4489041,Index,80,Paper & Board
2024-03-31,115.3194852,Index,90,Cement
2024-03-31,56.75254291,Index,100,Automobiles
2024-03-31,122.1566903,Index,110,Fertilizers
2024-02-29,127.0265785,Index,10,Overall
2024-02-29,120.4141311,Index,20,Vegetable Ghee
2024-02-29,96.58825407,Index,30,Tea Blended
2024-02-29,64.43705392,Index,40,Cigarettes
2024-02-29,73.55197781,Index,50,Cotton Yarn
2024-02-29,83.82123264,Index,60,Cotton Cloth
2024-02-29,65.57234953,Index,70,Jute Goods
2024-02-29,138.1125432,Index,80,Paper & Board
2024-02-29,96.75999097,Index,90,Cement
2024-02-29,64.5892366,Index,100,Automobiles
2024-02-29,115.1476723,Index,110,Fertilizers
2024-01-31,131.4664896,Index,10,Overall
2024-01-31,123.4495459,Index,20,Vegetable Ghee
2024-01-31,98.21648841,Index,30,Tea Blended
2024-01-31,45.82788386,Index,40,Cigarettes
2024-01-31,71.47725234,Index,50,Cotton Yarn
2024-01-31,83.81199462,Index,60,Cotton Cloth
2024-01-31,64.94392979,Index,70,Jute Goods
2024-01-31,133.3090734,Index,80,Paper & Board
2024-01-31,107.2928426,Index,90,Cement
2024-01-31,69.23059325,Index,100,Automobiles
2024-01-31,118.7306408,Index,110,Fertilizers
2023-12-31,132.4513302,Index,10,Overall
2023-12-31,122.3581499,Index,20,Vegetable Ghee
2023-12-31,104.7903757,Index,30,Tea Blended
2023-12-31,67.66563282,Index,40,Cigarettes
2023-12-31,71.38916107,Index,50,Cotton Yarn
2023-12-31,83.80044708,Index,60,Cotton Cloth
2023-12-31,65.22563519,Index,70,Jute Goods
2023-12-31,131.6862795,Index,80,Paper & Board
2023-12-31,123.8880108,Index,90,Cement
2023-12-31,48.50834689,Index,100,Automobiles
2023-12-31,119.3247036,Index,110,Fertilizers
2023-11-30,112.2503746,Index,10,Overall
2023-11-30,123.8275227,Index,20,Vegetable Ghee
2023-11-30,105.5566036,Index,30,Tea Blended
2023-11-30,54.70647584,Index,40,Cigarettes
2023-11-30,71.31868806,Index,50,Cotton Yarn
2023-11-30,83.78889955,Index,60,Cotton Cloth
2023-11-30,71.72652906,Index,70,Jute Goods
2023-11-30,130.7047351,Index,80,Paper & Board
2023-11-30,114.5066606,Index,90,Cement
2023-11-30,36.70796647,Index,100,Automobiles
2023-11-30,119.5271387,Index,110,Fertilizers
2023-10-31,109.07913,Index,10,Overall
2023-10-31,125.0039876,Index,20,Vegetable Ghee
2023-10-31,97.83337445,Index,30,Tea Blended
2023-10-31,65.42356414,Index,40,Cigarettes
2023-10-31,71.28168973,Index,50,Cotton Yarn
2023-10-31,83.77735202,Index,60,Cotton Cloth
2023-10-31,73.8501544,Index,70,Jute Goods
2023-10-31,136.2497726,Index,80,Paper & Board
2023-10-31,118.7062542,Index,90,Cement
2023-10-31,35.44417167,Index,100,Automobiles
2023-10-31,114.5836853,Index,110,Fertilizers
2023-09-30,114.146525,Index,10,Overall
2023-09-30,117.2743135,Index,20,Vegetable Ghee
2023-09-30,106.026789,Index,30,Tea Blended
2023-09-30,49.01162139,Index,40,Cigarettes
2023-09-30,71.25350053,Index,50,Cotton Yarn
2023-09-30,83.75425695,Index,60,Cotton Cloth
2023-09-30,78.68248551,Index,70,Jute Goods
2023-09-30,129.9454643,Index,80,Paper & Board
2023-09-30,126.8006322,Index,90,Cement
2023-09-30,52.24666966,Index,100,Automobiles
2023-09-30,115.2357716,Index,110,Fertilizers
2023-08-31,114.358865,Index,10,Overall
2023-08-31,119.6465772,Index,20,Vegetable Ghee
2023-08-31,110.7286421,Index,30,Tea Blended
2023-08-31,59.43724076,Index,40,Cigarettes
2023-08-31,71.23412045,Index,50,Cotton Yarn
2023-08-31,83.71961435,Index,60,Cotton Cloth
2023-08-31,77.44731567,Index,70,Jute Goods
2023-08-31,133.5195448,Index,80,Paper & Board
2023-08-31,130.7292843,Index,90,Cement
2023-08-31,55.17667326,Index,100,Automobiles
2023-08-31,116.5274163,Index,110,Fertilizers
2023-07-31,103.7436793,Index,10,Overall
2023-07-31,118.4000619,Index,20,Vegetable Ghee
2023-07-31,92.66133596,Index,30,Tea Blended
2023-07-31,35.26774037,Index,40,Cigarettes
2023-07-31,71.18831299,Index,50,Cotton Yarn
2023-07-31,83.45402109,Index,60,Cotton Cloth
2023-07-31,66.37412644,Index,70,Jute Goods
2023-07-31,110.6627392,Index,80,Paper & Board
2023-07-31,99.02912621,Index,90,Cement
2023-07-31,36.68812413,Index,100,Automobiles
2023-07-31,120.0244076,Index,110,Fertilizers
2023-06-30,108.6447913,Index,10,Overall
2023-06-30,126.2993557,Index,20,Vegetable Ghee
2023-06-30,81.22015992,Index,30,Tea Blended
2023-06-30,56.61223422,Index,40,Cigarettes
2023-06-30,71.17421839,Index,50,Cotton Yarn
2023-06-30,83.43092603,Index,60,Cotton Cloth
2023-06-30,94.99972913,Index,70,Jute Goods
2023-06-30,107.4977994,Index,80,Paper & Board
2023-06-30,123.3461278,Index,90,Cement
2023-06-30,47.94839278,Index,100,Automobiles
2023-06-30,104.6662437,Index,110,Fertilizers
2023-05-31,106.1241218,Index,10,Overall
2023-05-31,130.3729983,Index,20,Vegetable Ghee
2023-05-31,86.0961558,Index,30,Tea Blended
2023-05-31,72.53092186,Index,40,Cigarettes
2023-05-31,71.16012379,Index,50,Cotton Yarn
2023-05-31,83.37318836,Index,60,Cotton Cloth
2023-05-31,118.9446882,Index,70,Jute Goods
2023-05-31,134.8020437,Index,80,Paper & Board
2023-05-31,116.0307067,Index,90,Cement
2023-05-31,46.36527105,Index,100,Automobiles
2023-05-31,105.2303859,Index,110,Fertilizers
2023-04-30,100.5634118,Index,10,Overall
2023-04-30,123.6573848,Index,20,Vegetable Ghee
2023-04-30,89.43969583,Index,30,Tea Blended
2023-04-30,42.55446359,Index,40,Cigarettes
2023-04-30,71.14955283,Index,50,Cotton Yarn
2023-04-30,83.35009329,Index,60,Cotton Cloth
2023-04-30,117.7745273,Index,70,Jute Goods
2023-04-30,107.0512852,Index,80,Paper & Board
2023-04-30,86.76902235,Index,90,Cement
2023-04-30,35.43664335,Index,100,Automobiles
2023-04-30,117.7449314,Index,110,Fertilizers
2023-03-31,113.213402,Index,10,Overall
2023-03-31,132.1072449,Index,20,Vegetable Ghee
2023-03-31,105.6001393,Index,30,Tea Blended
2023-03-31,59.68386832,Index,40,Cigarettes
2023-03-31,71.14250553,Index,50,Cotton Yarn
2023-03-31,83.3154507,Index,60,Cotton Cloth
2023-03-31,144.3631833,Index,70,Jute Goods
2023-03-31,131.5328517,Index,80,Paper & Board
2023-03-31,123.3122601,Index,90,Cement
2023-03-31,54.89892902,Index,100,Automobiles
2023-03-31,97.45088726,Index,110,Fertilizers
2023-02-28,125.9343806,Index,10,Overall
2023-02-28,139.6145797,Index,20,Vegetable Ghee
2023-02-28,76.9971992,Index,30,Tea Blended
2023-02-28,93.51668473,Index,40,Cigarettes
2023-02-28,71.10726903,Index,50,Cotton Yarn
2023-02-28,83.28658186,Index,60,Cotton Cloth
2023-02-28,125.3155642,Index,70,Jute Goods
2023-02-28,131.0706014,Index,80,Paper & Board
2023-02-28,133.709641,Index,90,Cement
2023-02-28,51.73450378,Index,100,Automobiles
2023-02-28,82.59510795,Index,110,Fertilizers
2023-01-31,130.0293028,Index,10,Overall
2023-01-31,135.3127976,Index,20,Vegetable Ghee
2023-01-31,109.692493,Index,30,Tea Blended
2023-01-31,110.0407309,Index,40,Cigarettes
2023-01-31,71.12488728,Index,50,Cotton Yarn
2023-01-31,83.3154507,Index,60,Cotton Cloth
2023-01-31,121.2200011,Index,70,Jute Goods
2023-01-31,131.7098838,Index,80,Paper & Board
2023-01-31,120.5689772,Index,90,Cement
2023-01-31,58.25518942,Index,100,Automobiles
2023-01-31,91.10909023,Index,110,Fertilizers
2022-12-31,128.4608758,Index,10,Overall
2022-12-31,129.7949162,Index,20,Vegetable Ghee
2022-12-31,108.5692725,Index,30,Tea Blended
2022-12-31,89.16707148,Index,40,Cigarettes
2022-12-31,70.9592757,Index,50,Cotton Yarn
2022-12-31,83.25771303,Index,60,Cotton Cloth
2022-12-31,110.6452137,Index,70,Jute Goods
2022-12-31,144.3676759,Index,80,Paper & Board
2022-12-31,126.7667645,Index,90,Cement
2022-12-31,103.1004027,Index,100,Automobiles
2022-12-31,114.0219696,Index,110,Fertilizers
2022-11-30,113.04798,Index,10,Overall
2022-11-30,123.5955165,Index,20,Vegetable Ghee
2022-11-30,109.4138647,Index,30,Tea Blended
2022-11-30,97.32820149,Index,40,Cigarettes
2022-11-30,73.15098637,Index,50,Cotton Yarn
2022-11-30,87.18387426,Index,60,Cotton Cloth
2022-11-30,107.8498294,Index,70,Jute Goods
2022-11-30,137.4004809,Index,80,Paper & Board
2022-11-30,128.2908106,Index,90,Cement
2022-11-30,107.6581734,Index,100,Automobiles
2022-11-30,98.48110916,Index,110,Fertilizers
2022-10-31,115.7828538,Index,10,Overall
2022-10-31,119.3585028,Index,20,Vegetable Ghee
2022-10-31,94.31569171,Index,30,Tea Blended
2022-10-31,104.1440903,Index,40,Cigarettes
2022-10-31,74.04951727,Index,50,Cotton Yarn
2022-10-31,89.03147954,Index,60,Cotton Cloth
2022-10-31,115.4342055,Index,70,Jute Goods
2022-10-31,129.4832139,Index,80,Paper & Board
2022-10-31,135.9110409,Index,90,Cement
2022-10-31,84.81018047,Index,100,Automobiles
2022-10-31,105.1567166,Index,110,Fertilizers
2022-09-30,111.7277225,Index,10,Overall
2022-09-30,119.8698832,Index,20,Vegetable Ghee
2022-09-30,94.93389833,Index,30,Tea Blended
2022-09-30,113.7849856,Index,40,Cigarettes
2022-09-30,101.4881845,Index,50,Cotton Yarn
2022-09-30,101.1563892,Index,60,Cotton Cloth
2022-09-30,119.573108,Index,70,Jute Goods
2022-09-30,137.4181841,Index,80,Paper & Board
2022-09-30,133.9467148,Index,90,Cement
2022-09-30,67.74348432,Index,100,Automobiles
2022-09-30,112.7247537,Index,110,Fertilizers
2022-08-31,114.1192593,Index,10,Overall
2022-08-31,110.3653615,Index,20,Vegetable Ghee
2022-08-31,79.31329725,Index,30,Tea Blended
2022-08-31,96.58831882,Index,40,Cigarettes
2022-08-31,101.5110882,Index,50,Cotton Yarn
2022-08-31,101.1217466,Index,60,Cotton Cloth
2022-08-31,108.3699009,Index,70,Jute Goods
2022-08-31,134.3555295,Index,80,Paper & Board
2022-08-31,102.4497629,Index,90,Cement
2022-08-31,90.73488357,Index,100,Automobiles
2022-08-31,114.9507925,Index,110,Fertilizers
2022-07-31,109.6500761,Index,10,Overall
2022-07-31,116.782267,Index,20,Vegetable Ghee
2022-07-31,59.23464279,Index,30,Tea Blended
2022-07-31,22.89152124,Index,40,Cigarettes
2022-07-31,101.5216591,Index,50,Cotton Yarn
2022-07-31,101.185258,Index,60,Cotton Cloth
2022-07-31,88.8022103,Index,70,Jute Goods
2022-07-31,130.608351,Index,80,Paper & Board
2022-07-31,72.64619553,Index,90,Cement
2022-07-31,108.1648804,Index,100,Automobiles
2022-07-31,95.21311608,Index,110,Fertilizers
2022-06-30,131.9513204,Index,10,Overall
2022-06-30,112.2465453,Index,20,Vegetable Ghee
2022-06-30,72.30405317,Index,30,Tea Blended
2022-06-30,101.1172976,Index,40,Cigarettes
2022-06-30,101.4969936,Index,50,Cotton Yarn
2022-06-30,101.0351401,Index,60,Cotton Cloth
2022-06-30,97.68676526,Index,70,Jute Goods
2022-06-30,147.2218261,Index,80,Paper & Board
2022-06-30,164.9695191,Index,90,Cement
2022-06-30,170.1524831,Index,100,Automobiles
2022-06-30,111.7962701,Index,110,Fertilizers
2022-05-31,129.1659631,Index,10,Overall
2022-05-31,104.9122485,Index,20,Vegetable Ghee
2022-05-31,72.73940995,Index,30,Tea Blended
2022-05-31,93.42700198,Index,40,Cigarettes
2022-05-31,101.5005172,Index,50,Cotton Yarn
2022-05-31,101.0409139,Index,60,Cotton Cloth
2022-05-31,81.13115553,Index,70,Jute Goods
2022-05-31,142.7724204,Index,80,Paper & Board
2022-05-31,109.5958456,Index,90,Cement
2022-05-31,143.8433141,Index,100,Automobiles
2022-05-31,121.3927093,Index,110,Fertilizers
2022-04-30,132.5980598,Index,10,Overall
2022-04-30,105.9475763,Index,20,Vegetable Ghee
2022-04-30,100.2887867,Index,30,Tea Blended
2022-04-30,111.0945032,Index,40,Cigarettes
2022-04-30,101.4635189,Index,50,Cotton Yarn
2022-04-30,101.0062713,Index,60,Cotton Cloth
2022-04-30,114.8707947,Index,70,Jute Goods
2022-04-30,142.2531263,Index,80,Paper & Board
2022-04-30,113.8293068,Index,90,Cement
2022-04-30,142.6298829,Index,100,Automobiles
2022-04-30,120.8794942,Index,110,Fertilizers
2022-03-31,153.7192239,Index,10,Overall
2022-03-31,108.8515208,Index,20,Vegetable Ghee
2022-03-31,103.8935408,Index,30,Tea Blended
2022-03-31,118.627854,Index,40,Cigarettes
2022-03-31,101.7771238,Index,50,Cotton Yarn
2022-03-31,101.2718645,Index,60,Cotton Cloth
2022-03-31,115.3691966,Index,70,Jute Goods
2022-03-31,158.3296042,Index,80,Paper & Board
2022-03-31,155.9607135,Index,90,Cement
2022-03-31,167.3533697,Index,100,Automobiles
2022-03-31,125.0622852,Index,110,Fertilizers
2022-02-28,142.6646578,Index,10,Overall
2022-02-28,118.2961076,Index,20,Vegetable Ghee
2022-02-28,123.6587383,Index,30,Tea Blended
2022-02-28,104.6149247,Index,40,Cigarettes
2022-02-28,101.7418873,Index,50,Cotton Yarn
2022-02-28,101.2025793,Index,60,Cotton Cloth
2022-02-28,98.74857793,Index,70,Jute Goods
2022-02-28,131.2161611,Index,80,Paper & Board
2022-02-28,138.3156469,Index,90,Cement
2022-02-28,139.9625257,Index,100,Automobiles
2022-02-28,110.1416692,Index,110,Fertilizers
2022-01-31,137.7316227,Index,10,Overall
2022-01-31,116.310521,Index,20,Vegetable Ghee
2022-01-31,121.9956755,Index,30,Tea Blended
2022-01-31,124.5917567,Index,40,Cigarettes
2022-01-31,101.6009413,Index,50,Cotton Yarn
2022-01-31,101.1794843,Index,60,Cotton Cloth
2022-01-31,125.5972696,Index,70,Jute Goods
2022-01-31,145.4239672,Index,80,Paper & Board
2022-01-31,118.7062542,Index,90,Cement
2022-01-31,145.2263291,Index,100,Automobiles
2022-01-31,119.2216869,Index,110,Fertilizers
2021-12-31,129.8630122,Index,10,Overall
2021-12-31,127.2486478,Index,20,Vegetable Ghee
2021-12-31,114.89936,Index,30,Tea Blended
2021-12-31,125.286798,Index,40,Cigarettes
2021-12-31,101.5886085,Index,50,Cotton Yarn
2021-12-31,101.162163,Index,60,Cotton Cloth
2021-12-31,137.2122,Index,70,Jute Goods
2021-12-31,146.6336863,Index,80,Paper & Board
2021-12-31,138.4172499,Index,90,Cement
2021-12-31,160.456776,Index,100,Automobiles
2021-12-31,114.0956754,Index,110,Fertilizers
2021-11-30,118.8143126,Index,10,Overall
2021-11-30,128.1815062,Index,20,Vegetable Ghee
2021-11-30,105.7394535,Index,30,Tea Blended
2021-11-30,122.0357984,Index,40,Cigarettes
2021-11-30,101.5762757,Index,50,Cotton Yarn
2021-11-30,101.1448417,Index,60,Cotton Cloth
2021-11-30,130.8629937,Index,70,Jute Goods
2021-11-30,141.6925248,Index,80,Paper & Board
2021-11-30,146.0036126,Index,90,Cement
2021-11-30,132.8263916,Index,100,Automobiles
2021-11-30,106.7454996,Index,110,Fertilizers
2021-10-31,117.4213235,Index,10,Overall
2021-10-31,118.074735,Index,20,Vegetable Ghee
2021-10-31,101.594857,Index,30,Tea Blended
2021-10-31,98.78554613,Index,40,Cigarettes
2021-10-31,101.5005172,Index,50,Cotton Yarn
2021-10-31,101.0697827,Index,60,Cotton Cloth
2021-10-31,120.916626,Index,70,Jute Goods
2021-10-31,140.850639,Index,80,Paper & Board
2021-10-31,151.8288553,Index,90,Cement
2021-10-31,122.4903517,Index,100,Automobiles
2021-10-31,116.5862874,Index,110,Fertilizers
2021-09-30,115.0053066,Index,10,Overall
2021-09-30,108.3836416,Index,20,Vegetable Ghee
2021-09-30,110.6415708,Index,30,Tea Blended
2021-09-30,127.5288666,Index,40,Cigarettes
2021-09-30,101.4864226,Index,50,Cotton Yarn
2021-09-30,101.0351401,Index,60,Cotton Cloth
2021-09-30,88.8022103,Index,70,Jute Goods
2021-09-30,149.6117589,Index,80,Paper & Board
2021-09-30,135.9449086,Index,90,Cement
2021-09-30,142.134972,Index,100,Automobiles
2021-09-30,94.89710625,Index,110,Fertilizers
2021-08-31,114.3038529,Index,10,Overall
2021-08-31,105.6923694,Index,20,Vegetable Ghee
2021-08-31,100.2017153,Index,30,Tea Blended
2021-08-31,118.0224954,Index,40,Cigarettes
2021-08-31,101.5075645,Index,50,Cotton Yarn
2021-08-31,101.0524614,Index,60,Cotton Cloth
2021-08-31,66.78584972,Index,70,Jute Goods
2021-08-31,148.415809,Index,80,Paper & Board
2021-08-31,127.5118537,Index,90,Cement
2021-08-31,130.1479887,Index,100,Automobiles
2021-08-31,110.9296242,Index,110,Fertilizers
2021-07-31,112.2248415,Index,10,Overall
2021-07-31,102.0982063,Index,20,Vegetable Ghee
2021-07-31,97.31094632,Index,30,Tea Blended
2021-07-31,93.27005717,Index,40,Cigarettes
2021-07-31,101.4987554,Index,50,Cotton Yarn
2021-07-31,101.1563892,Index,60,Cotton Cloth
2021-07-31,71.81320765,Index,70,Jute Goods
2021-07-31,110.1021377,Index,80,Paper & Board
2021-07-31,124.9379092,Index,90,Cement
2021-07-31,116.8574668,Index,100,Automobiles
2021-07-31,110.2184296,Index,110,Fertilizers
2021-06-30,118.251371,Index,10,Overall
2021-06-30,120.4218647,Index,20,Vegetable Ghee
2021-06-30,96.5708398,Index,30,Tea Blended
2021-06-30,59.34755801,Index,40,Cigarettes
2021-06-30,101.4917081,Index,50,Cotton Yarn
2021-06-30,101.0235926,Index,60,Cotton Cloth
2021-06-30,84.96668292,Index,70,Jute Goods
2021-06-30,103.5814569,Index,80,Paper & Board
2021-06-30,158.0266426,Index,90,Cement
2021-06-30,137.8225399,Index,100,Automobiles
2021-06-30,110.1347296,Index,110,Fertilizers
2021-05-31,108.1708465,Index,10,Overall
2021-05-31,115.3244945,Index,20,Vegetable Ghee
2021-05-31,111.4513344,Index,30,Tea Blended
2021-05-31,96.31927058,Index,40,Cigarettes
2021-05-31,101.4740899,Index,50,Cotton Yarn
2021-05-31,101.0062713,Index,60,Cotton Cloth
2021-05-31,135.1969229,Index,70,Jute Goods
2021-05-31,116.1664691,Index,80,Paper & Board
2021-05-31,111.2892301,Index,90,Cement
2021-05-31,97.34036348,Index,100,Automobiles
2021-05-31,123.4749674,Index,110,Fertilizers
2021-04-30,115.3870824,Index,10,Overall
2021-04-30,118.8171549,Index,20,Vegetable Ghee
2021-04-30,111.2510703,Index,30,Tea Blended
2021-04-30,114.5921303,Index,40,Cigarettes
2021-04-30,101.4459007,Index,50,Cotton Yarn
2021-04-30,100.9831762,Index,60,Cotton Cloth
2021-04-30,150.5390325,Index,70,Jute Goods
2021-04-30,129.1822594,Index,80,Paper & Board
2021-04-30,143.1248589,Index,90,Cement
2021-04-30,110.1156106,Index,100,Automobiles
2021-04-30,116.3525364,Index,110,Fertilizers
2021-03-31,121.7185765,Index,10,Overall
2021-03-31,115.6928044,Index,20,Vegetable Ghee
2021-03-31,117.4157222,Index,30,Tea Blended
2021-03-31,120.4439296,Index,40,Cigarettes
2021-03-31,101.3137638,Index,50,Cotton Yarn
2021-03-31,100.9658549,Index,60,Cotton Cloth
2021-03-31,171.4069018,Index,70,Jute Goods
2021-03-31,129.8903877,Index,80,Paper & Board
2021-03-31,159.516821,Index,90,Cement
2021-03-31,129.568806,Index,100,Automobiles
2021-03-31,106.9621009,Index,110,Fertilizers
2021-02-28,127.1687009,Index,10,Overall
2021-02-28,115.1214891,Index,20,Vegetable Ghee
2021-02-28,98.08588138,Index,30,Tea Blended
2021-02-28,100.511939,Index,40,Cigarettes
2021-02-28,101.3084783,Index,50,Cotton Yarn
2021-02-28,100.9600811,Index,60,Cotton Cloth
2021-02-28,145.5766835,Index,70,Jute Goods
2021-02-28,115.6019336,Index,80,Paper & Board
2021-02-28,137.2657485,Index,90,Cement
2021-02-28,102.3597277,Index,100,Automobiles
2021-02-28,92.26989648,Index,110,Fertilizers
2021-01-31,126.44852,Index,10,Overall
2021-01-31,119.5808421,Index,20,Vegetable Ghee
2021-01-31,105.9223033,Index,30,Tea Blended
2021-01-31,100.9827734,Index,40,Cigarettes
2021-01-31,101.119963,Index,50,Cotton Yarn
2021-01-31,100.9369861,Index,60,Cotton Cloth
2021-01-31,142.7162902,Index,70,Jute Goods
2021-01-31,127.939101,Index,80,Paper & Board
2021-01-31,144.9875818,Index,90,Cement
2021-01-31,107.2440228,Index,100,Automobiles
2021-01-31,92.55205119,Index,110,Fertilizers
2020-12-31,123.2406649,Index,10,Overall
2020-12-31,123.2368735,Index,20,Vegetable Ghee
2020-12-31,120.2455412,Index,30,Tea Blended
2020-12-31,83.11348604,Index,40,Cigarettes
2020-12-31,101.0318717,Index,50,Cotton Yarn
2020-12-31,100.9543074,Index,60,Cotton Cloth
2020-12-31,130.3429222,Index,70,Jute Goods
2020-12-31,122.0596696,Index,80,Paper & Board
2020-12-31,139.9751637,Index,90,Cement
2020-12-31,91.31301446,Index,100,Automobiles
2020-12-31,107.3618996,Index,110,Fertilizers
2020-11-30,112.1291906,Index,10,Overall
2020-11-30,125.914612,Index,20,Vegetable Ghee
2020-11-30,105.5740179,Index,30,Tea Blended
2020-11-30,94.48077426,Index,40,Cigarettes
2020-11-30,100.8116436,Index,50,Cotton Yarn
2020-11-30,100.9254385,Index,60,Cotton Cloth
2020-11-30,114.1340268,Index,70,Jute Goods
2020-11-30,127.3234228,Index,80,Paper & Board
2020-11-30,135.7755701,Index,90,Cement
2020-11-30,86.91042995,Index,100,Automobiles
2020-11-30,111.0608579,Index,110,Fertilizers
2020-10-31,111.4803514,Index,10,Overall
2020-10-31,118.212972,Index,20,Vegetable Ghee
2020-10-31,90.91990887,Index,30,Tea Blended
2020-10-31,95.15339487,Index,40,Cigarettes
2020-10-31,100.7411705,Index,50,Cotton Yarn
2020-10-31,100.8965697,Index,60,Cotton Cloth
2020-10-31,117.796197,Index,70,Jute Goods
2020-10-31,128.2085831,Index,80,Paper & Board
2020-10-31,173.504177,Index,90,Cement
2020-10-31,86.41086457,Index,100,Automobiles
2020-10-31,124.7880191,Index,110,Fertilizers
2020-09-30,106.909355,Index,10,Overall
2020-09-30,111.2730278,Index,20,Vegetable Ghee
2020-09-30,86.30512705,Index,30,Tea Blended
2020-09-30,94.00993984,Index,40,Cigarettes
2020-09-30,100.5561789,Index,50,Cotton Yarn
2020-09-30,100.8446058,Index,60,Cotton Cloth
2020-09-30,120.8516171,Index,70,Jute Goods
2020-09-30,117.9780972,Index,80,Paper & Board
2020-09-30,140.3138406,Index,90,Cement
2020-09-30,91.20480515,Index,100,Automobiles
2020-09-30,117.8334019,Index,110,Fertilizers
2020-08-31,95.81295647,Index,10,Overall
2020-08-31,107.2690451,Index,20,Vegetable Ghee
2020-08-31,77.6328201,Index,30,Tea Blended
2020-08-31,88.22540264,Index,40,Cigarettes
2020-08-31,100.5826063,Index,50,Cotton Yarn
2020-08-31,100.8677009,Index,60,Cotton Cloth
2020-08-31,93.33116637,Index,70,Jute Goods
2020-08-31,107.1024278,Index,80,Paper & Board
2020-08-31,103.8722059,Index,90,Cement
2020-08-31,58.15393977,Index,100,Automobiles
2020-08-31,116.4069593,Index,110,Fertilizers
2020-07-31,107.326752,Index,10,Overall
2020-07-31,115.2925937,Index,20,Vegetable Ghee
2020-07-31,73.54046641,Index,30,Tea Blended
2020-07-31,108.0901312,Index,40,Cigarettes
2020-07-31,100.816929,Index,50,Cotton Yarn
2020-07-31,100.3330501,Index,60,Cotton Cloth
2020-07-31,105.9212308,Index,70,Jute Goods
2020-07-31,111.3138237,Index,80,Paper & Board
2020-07-31,138.8575299,Index,90,Cement
2020-07-31,64.60100137,Index,100,Automobiles
2020-07-31,106.5396251,Index,110,Fertilizers
2020-06-30,95.3643872,Index,10,Overall
2020-06-30,113.7729529,Index,20,Vegetable Ghee
2020-06-30,74.84653674,Index,30,Tea Blended
2020-06-30,102.372856,Index,40,Cigarettes
2020-06-30,92.01097382,Index,50,Cotton Yarn
2020-06-30,91.84214907,Index,60,Cotton Cloth
2020-06-30,85.83346877,Index,70,Jute Goods
2020-06-30,98.7484817,Index,80,Paper & Board
2020-06-30,119.3158727,Index,90,Cement
2020-06-30,50.98321397,Index,100,Automobiles
2020-06-30,100.2071767,Index,110,Fertilizers
2020-05-31,81.28568538,Index,10,Overall
2020-05-31,110.8226071,Index,20,Vegetable Ghee
2020-05-31,104.6597687,Index,30,Tea Blended
2020-05-31,96.18474646,Index,40,Cigarettes
2020-05-31,70.77604587,Index,50,Cotton Yarn
2020-05-31,70.64780698,Index,60,Cotton Cloth
2020-05-31,79.67928924,Index,70,Jute Goods
2020-05-31,101.2131613,Index,80,Paper & Board
2020-05-31,75.15240461,Index,90,Cement
2020-05-31,10.20368207,Index,100,Automobiles
2020-05-31,109.2048297,Index,110,Fertilizers
2020-04-30,66.44725088,Index,10,Overall
2020-04-30,116.6266295,Index,20,Vegetable Ghee
2020-04-30,105.0428826,Index,30,Tea Blended
2020-04-30,83.13590673,Index,40,Cigarettes
2020-04-30,35.04023862,Index,50,Cotton Yarn
2020-04-30,35.46362864,Index,60,Cotton Cloth
2020-04-30,120.4615635,Index,70,Jute Goods
2020-04-30,95.80778253,Index,80,Paper & Board
2020-04-30,112.3052608,Index,90,Cement
2020-04-30,0.104150043,Index,100,Automobiles
2020-04-30,103.5000101,Index,110,Fertilizers
2020-03-31,99.30293421,Index,10,Overall
2020-03-31,115.0315867,Index,20,Vegetable Ghee
2020-03-31,116.57113,Index,30,Tea Blended
2020-03-31,89.79485072,Index,40,Cigarettes
2020-03-31,73.96142601,Index,50,Cotton Yarn
2020-03-31,74.12361442,Index,60,Cotton Cloth
2020-03-31,156.693212,Index,70,Jute Goods
2020-03-31,126.5838222,Index,80,Paper & Board
2020-03-31,101.4675999,Index,90,Cement
2020-03-31,50.96741983,Index,100,Automobiles
2020-03-31,100.4028928,Index,110,Fertilizers
2020-02-29,121.3830344,Index,10,Overall
2020-02-29,120.7225061,Index,20,Vegetable Ghee
2020-02-29,110.8679563,Index,30,Tea Blended
2020-02-29,101.4087665,Index,40,Cigarettes
2020-02-29,101.301431,Index,50,Cotton Yarn
2020-02-29,100.9947237,Index,60,Cotton Cloth
2020-02-29,150.1923181,Index,70,Jute Goods
2020-02-29,121.4400574,Index,80,Paper & Board
2020-02-29,122.9058478,Index,90,Cement
2020-02-29,73.90505807,Index,100,Automobiles
2020-02-29,94.43879538,Index,110,Fertilizers
2020-01-31,121.755431,Index,10,Overall
2020-01-31,123.4253786,Index,20,Vegetable Ghee
2020-01-31,111.1639989,Index,30,Tea Blended
2020-01-31,68.8987706,Index,40,Cigarettes
2020-01-31,101.1111539,Index,50,Cotton Yarn
2020-01-31,100.9254385,Index,60,Cotton Cloth
2020-01-31,142.8246384,Index,70,Jute Goods
2020-01-31,111.9963807,Index,80,Paper & Board
2020-01-31,104.9898397,Index,90,Cement
2020-01-31,82.15216436,Index,100,Automobiles
2020-01-31,90.88362458,Index,110,Fertilizers
2019-12-31,113.5902423,Index,10,Overall
2019-12-31,121.6495643,Index,20,Vegetable Ghee
2019-12-31,98.63443092,Index,30,Tea Blended
2019-12-31,88.53929225,Index,40,Cigarettes
2019-12-31,100.8292618,Index,50,Cotton Yarn
2019-12-31,100.9831762,Index,60,Cotton Cloth
2019-12-31,131.6864402,Index,70,Jute Goods
2019-12-31,128.0630234,Index,80,Paper & Board
2019-12-31,118.0627681,Index,90,Cement
2019-12-31,61.10325689,Index,100,Automobiles
2019-12-31,95.57828926,Index,110,Fertilizers
2019-11-30,104.6620433,Index,10,Overall
2019-11-30,120.8481761,Index,20,Vegetable Ghee
2019-11-30,87.61119738,Index,30,Tea Blended
2019-11-30,80.44542431,Index,40,Cigarettes
2019-11-30,100.7587888,Index,50,Cotton Yarn
2019-11-30,100.9023435,Index,60,Cotton Cloth
2019-11-30,124.838832,Index,70,Jute Goods
2019-11-30,130.8070203,Index,80,Paper & Board
2019-11-30,120.1964326,Index,90,Cement
2019-11-30,54.21102071,Index,100,Automobiles
2019-11-30,101.3880687,Index,110,Fertilizers
2019-10-31,109.9960739,Index,10,Overall
2019-10-31,117.0916086,Index,20,Vegetable Ghee
2019-10-31,89.63125281,Index,30,Tea Blended
2019-10-31,101.2742424,Index,40,Cigarettes
2019-10-31,100.6971249,Index,50,Cotton Yarn
2019-10-31,100.8677009,Index,60,Cotton Cloth
2019-10-31,128.0676093,Index,70,Jute Goods
2019-10-31,131.1335461,Index,80,Paper & Board
2019-10-31,138.6543238,Index,90,Cement
2019-10-31,71.83313494,Index,100,Automobiles
2019-10-31,105.1960249,Index,110,Fertilizers
2019-09-30,103.0560226,Index,10,Overall
2019-09-30,116.4023568,Index,20,Vegetable Ghee
2019-09-30,99.50514447,Index,30,Tea Blended
2019-09-30,87.2613131,Index,40,Cigarettes
2019-09-30,100.5403225,Index,50,Cotton Yarn
2019-09-30,100.8099632,Index,60,Cotton Cloth
2019-09-30,106.5713202,Index,70,Jute Goods
2019-09-30,118.0803824,Index,80,Paper & Board
2019-09-30,115.6581621,Index,90,Cement
2019-09-30,62.76260712,Index,100,Automobiles
2019-09-30,109.1904186,Index,110,Fertilizers
2019-08-31,105.5345281,Index,10,Overall
2019-08-31,115.0857215,Index,20,Vegetable Ghee
2019-08-31,84.13705031,Index,30,Tea Blended
2019-08-31,72.44123912,Index,40,Cigarettes
2019-08-31,100.4592785,Index,50,Cotton Yarn
2019-08-31,100.8099632,Index,60,Cotton Cloth
2019-08-31,82.32298608,Index,70,Jute Goods
2019-08-31,109.0733847,Index,80,Paper & Board
2019-08-31,88.90268684,Index,90,Cement
2019-08-31,73.49042044,Index,100,Automobiles
2019-08-31,112.3696477,Index,110,Fertilizers
2019-07-31,109.0565733,Index,10,Overall
2019-07-31,114.5173062,Index,20,Vegetable Ghee
2019-07-31,76.06553571,Index,30,Tea Blended
2019-07-31,61.49994395,Index,40,Cigarettes
2019-07-31,100.7305996,Index,50,Cotton Yarn
2019-07-31,100.7926419,Index,60,Cotton Cloth
2019-07-31,100.2654532,Index,70,Jute Goods
2019-07-31,116.7978835,Index,80,Paper & Board
2019-07-31,107.3267103,Index,90,Cement
2019-07-31,109.5301881,Index,100,Automobiles
2019-07-31,111.8875448,Index,110,Fertilizers
2019-06-30,108.3410464,Index,10,Overall
2019-06-30,114.5888415,Index,20,Vegetable Ghee
2019-06-30,66.53122234,Index,30,Tea Blended
2019-06-30,23.56414185,Index,40,Cigarettes
2019-06-30,100.7552651,Index,50,Cotton Yarn
2019-06-30,100.7522255,Index,60,Cotton Cloth
2019-06-30,77.8807086,Index,70,Jute Goods
2019-06-30,103.0936352,Index,80,Paper & Board
2019-06-30,98.62271393,Index,90,Cement
2019-06-30,87.73693916,Index,100,Automobiles
2019-06-30,108.4506,Index,110,Fertilizers
2019-05-31,121.9616211,Index,10,Overall
2019-05-31,113.1977708,Index,20,Vegetable Ghee
2019-05-31,84.69430698,Index,30,Tea Blended
2019-05-31,105.668697,Index,40,Cigarettes
2019-05-31,100.6178428,Index,50,Cotton Yarn
2019-05-31,100.5790126,Index,60,Cotton Cloth
2019-05-31,223.6957582,Index,70,Jute Goods
2019-05-31,121.2413881,Index,80,Paper & Board
2019-05-31,119.6884172,Index,90,Cement
2019-05-31,84.9553604,Index,100,Automobiles
2019-05-31,105.0443303,Index,110,Fertilizers
2019-04-30,122.2302826,Index,10,Overall
2019-04-30,111.6626629,Index,20,Vegetable Ghee
2019-04-30,91.84286523,Index,30,Tea Blended
2019-04-30,135.2864243,Index,40,Cigarettes
2019-04-30,100.494515,Index,50,Cotton Yarn
2019-04-30,99.82842291,Index,60,Cotton Cloth
2019-04-30,114.6540983,Index,70,Jute Goods
2019-04-30,111.5223282,Index,80,Paper & Board
2019-04-30,133.5403026,Index,90,Cement
2019-04-30,100.3902129,Index,100,Automobiles
2019-04-30,97.91726253,Index,110,Fertilizers
2019-03-31,126.7123317,Index,10,Overall
2019-03-31,110.0221856,Index,20,Vegetable Ghee
2019-03-31,113.0273259,Index,30,Tea Blended
2019-03-31,134.658645,Index,40,Cigarettes
2019-03-31,101.3049546,Index,50,Cotton Yarn
2019-03-31,101.2141269,Index,60,Cotton Cloth
2019-03-31,110.8619102,Index,70,Jute Goods
2019-03-31,128.2420225,Index,80,Paper & Board
2019-03-31,121.0431249,Index,90,Cement
2019-03-31,123.7446697,Index,100,Automobiles
2019-03-31,96.69303078,Index,110,Fertilizers
2019-02-28,120.340854,Index,10,Overall
2019-02-28,109.9951182,Index,20,Vegetable Ghee
2019-02-28,120.7766765,Index,30,Tea Blended
2019-02-28,129.793356,Index,40,Cigarettes
2019-02-28,101.2961455,Index,50,Cotton Yarn
2019-02-28,100.9831762,Index,60,Cotton Cloth
2019-02-28,102.4974267,Index,70,Jute Goods
2019-02-28,112.970057,Index,80,Paper & Board
2019-02-28,96.48904945,Index,90,Cement
2019-02-28,117.1987748,Index,100,Automobiles
2019-02-28,80.23341691,Index,110,Fertilizers
2019-01-31,130.537712,Index,10,Overall
2019-01-31,116.3056875,Index,20,Vegetable Ghee
2019-01-31,135.2131071,Index,30,Tea Blended
2019-01-31,138.0441688,Index,40,Cigarettes
2019-01-31,101.1023447,Index,50,Cotton Yarn
2019-01-31,100.5790126,Index,60,Cotton Cloth
2019-01-31,113.3972588,Index,70,Jute Goods
2019-01-31,123.03728,Index,80,Paper & Board
2019-01-31,111.8311131,Index,90,Cement
2019-01-31,137.2023414,Index,100,Automobiles
2019-01-31,88.84576118,Index,110,Fertilizers
2018-12-31,108.1474972,Index,10,Overall
2018-12-31,109.7979129,Index,20,Vegetable Ghee
2018-12-31,128.8743125,Index,30,Tea Blended
2018-12-31,110.6685101,Index,40,Cigarettes
2018-12-31,100.9702078,Index,50,Cotton Yarn
2018-12-31,100.5212749,Index,60,Cotton Cloth
2018-12-31,120.0065009,Index,70,Jute Goods
2018-12-31,99.34842368,Index,80,Paper & Board
2018-12-31,109.3926394,Index,90,Cement
2018-12-31,91.38445365,Index,100,Automobiles
2018-12-31,106.0631038,Index,110,Fertilizers
2018-11-30,108.7206791,Index,10,Overall
2018-11-30,107.5484192,Index,20,Vegetable Ghee
2018-11-30,116.2750874,Index,30,Tea Blended
2018-11-30,118.0000747,Index,40,Cigarettes
2018-11-30,100.6160809,Index,50,Cotton Yarn
2018-11-30,100.4924061,Index,60,Cotton Cloth
2018-11-30,121.4583672,Index,70,Jute Goods
2018-11-30,99.92279435,Index,80,Paper & Board
2018-11-30,111.0521562,Index,90,Cement
2018-11-30,131.3543514,Index,100,Automobiles
2018-11-30,104.4160282,Index,110,Fertilizers
2018-10-31,117.5795774,Index,10,Overall
2018-10-31,113.1378359,Index,20,Vegetable Ghee
2018-10-31,118.1035859,Index,30,Tea Blended
2018-10-31,128.1118045,Index,40,Cigarettes
2018-10-31,100.6883158,Index,50,Cotton Yarn
2018-10-31,100.838832,Index,60,Cotton Cloth
2018-10-31,130.2129043,Index,70,Jute Goods
2018-10-31,136.8103741,Index,80,Paper & Board
2018-10-31,134.1160533,Index,90,Cement
2018-10-31,151.9763156,Index,100,Automobiles
2018-10-31,107.5503229,Index,110,Fertilizers
2018-09-30,106.3742805,Index,10,Overall
2018-09-30,111.3136869,Index,20,Vegetable Ghee
2018-09-30,102.7441989,Index,30,Tea Blended
2018-09-30,121.2286536,Index,40,Cigarettes
2018-09-30,100.5086096,Index,50,Cotton Yarn
2018-09-30,100.7522255,Index,60,Cotton Cloth
2018-09-30,115.7809199,Index,70,Jute Goods
2018-09-30,115.6471751,Index,80,Paper & Board
2018-09-30,109.6974486,Index,90,Cement
2018-09-30,128.2819222,Index,100,Automobiles
2018-09-30,94.30942068,Index,110,Fertilizers
2018-08-31,105.7955192,Index,10,Overall
2018-08-31,114.2649994,Index,20,Vegetable Ghee
2018-08-31,106.2531745,Index,30,Tea Blended
2018-08-31,114.8387579,Index,40,Cigarettes
2018-08-31,100.4293275,Index,50,Cotton Yarn
2018-08-31,100.6944879,Index,60,Cotton Cloth
2018-08-31,106.5279809,Index,70,Jute Goods
2018-08-31,114.3607422,Index,80,Paper & Board
2018-08-31,101.1966584,Index,90,Cement
2018-08-31,122.5475442,Index,100,Automobiles
2018-08-31,97.32375178,Index,110,Fertilizers
2018-07-31,107.0524089,Index,10,Overall
2018-07-31,113.5834812,Index,20,Vegetable Ghee
2018-07-31,104.6945972,Index,30,Tea Blended
2018-07-31,101.7226561,Index,40,Cigarettes
2018-07-31,100.3183325,Index,50,Cotton Yarn
2018-07-31,100.6367502,Index,60,Cotton Cloth
2018-07-31,117.1894469,Index,70,Jute Goods
2018-07-31,118.5150944,Index,80,Paper & Board
2018-07-31,105.4639874,Index,90,Cement
2018-07-31,147.1711758,Index,100,Automobiles
2018-07-31,96.33431174,Index,110,Fertilizers
2018-06-30,100.5631733,Index,10,Overall
2018-06-30,105.8083725,Index,20,Vegetable Ghee
2018-06-30,86.26159137,Index,30,Tea Blended
2018-06-30,35.53678861,Index,40,Cigarettes
2018-06-30,100.5086096,Index,50,Cotton Yarn
2018-06-30,99.42425925,Index,60,Cotton Cloth
2018-06-30,111.3386424,Index,70,Jute Goods
2018-06-30,120.2401735,Index,80,Paper & Board
2018-06-30,89.3768345,Index,90,Cement
2018-06-30,107.3651866,Index,100,Automobiles
2018-06-30,94.3296243,Index,110,Fertilizers
2018-05-31,109.044513,Index,10,Overall
2018-05-31,104.3931345,Index,20,Vegetable Ghee
2018-05-31,94.2895703,Index,30,Tea Blended
2018-05-31,124.8608049,Index,40,Cigarettes
2018-05-31,100.5896536,Index,50,Cotton Yarn
2018-05-31,100.0016359,Index,60,Cotton Cloth
2018-05-31,144.6015494,Index,70,Jute Goods
2018-05-31,121.4774309,Index,80,Paper & Board
2018-05-31,118.401445,Index,90,Cement
2018-05-31,121.0058694,Index,100,Automobiles
2018-05-31,82.75248365,Index,110,Fertilizers
2018-04-30,118.0876108,Index,10,Overall
2018-04-30,113.5670474,Index,20,Vegetable Ghee
2018-04-30,97.88561726,Index,30,Tea Blended
2018-04-30,140.7346512,Index,40,Cigarettes
2018-04-30,100.4680876,Index,50,Cotton Yarn
2018-04-30,99.77645901,Index,60,Cotton Cloth
2018-04-30,143.7781028,Index,70,Jute Goods
2018-04-30,121.1056636,Index,80,Paper & Board
2018-04-30,128.1892075,Index,90,Cement
2018-04-30,139.814049,Index,100,Automobiles
2018-04-30,87.13357998,Index,110,Fertilizers
2018-03-31,126.7263791,Index,10,Overall
2018-03-31,103.7928184,Index,20,Vegetable Ghee
2018-03-31,123.057946,Index,30,Tea Blended
2018-03-31,139.8602444,Index,40,Cigarettes
2018-03-31,101.2961455,Index,50,Cotton Yarn
2018-03-31,101.1563892,Index,60,Cotton Cloth
2018-03-31,149.1521751,Index,70,Jute Goods
2018-03-31,124.6620409,Index,80,Paper & Board
2018-03-31,137.1302777,Index,90,Cement
2018-03-31,141.6309718,Index,100,Automobiles
2018-03-31,95.3191157,Index,110,Fertilizers
2018-02-28,118.3342332,Index,10,Overall
2018-02-28,105.1384545,Index,20,Vegetable Ghee
2018-02-28,117.3547722,Index,30,Tea Blended
2018-02-28,116.5427301,Index,40,Cigarettes
2018-02-28,101.2873364,Index,50,Cotton Yarn
2018-02-28,100.9254385,Index,60,Cotton Cloth
2018-02-28,134.8502086,Index,70,Jute Goods
2018-02-28,124.2863395,Index,80,Paper & Board
2018-02-28,115.3194852,Index,90,Cement
2018-02-28,124.1001817,Index,100,Automobiles
2018-02-28,82.15573926,Index,110,Fertilizers
2018-01-31,124.5784875,Index,10,Overall
2018-01-31,110.6959703,Index,20,Vegetable Ghee
2018-01-31,122.9795818,Index,30,Tea Blended
2018-01-31,116.2288405,Index,40,Cigarettes
2018-01-31,101.1023447,Index,50,Cotton Yarn
2018-01-31,100.7810944,Index,60,Cotton Cloth
2018-01-31,150.3006663,Index,70,Jute Goods
2018-01-31,127.8486179,Index,80,Paper & Board
2018-01-31,123.4815986,Index,90,Cement
2018-01-31,139.81984,Index,100,Automobiles
2018-01-31,87.61101123,Index,110,Fertilizers
2017-12-31,113.8088498,Index,10,Overall
2017-12-31,116.1896844,Index,20,Vegetable Ghee
2017-12-31,173.5593319,Index,30,Tea Blended
2017-12-31,100.4222563,Index,40,Cigarettes
2017-12-31,100.9649224,Index,50,Cotton Yarn
2017-12-31,100.4635372,Index,60,Cotton Cloth
2017-12-31,143.4530581,Index,70,Jute Goods
2017-12-31,126.2749996,Index,80,Paper & Board
2017-12-31,117.1483405,Index,90,Cement
2017-12-31,117.1416552,Index,100,Automobiles
2017-12-31,96.94296189,Index,110,Fertilizers
2017-11-30,101.7103592,Index,10,Overall
2017-11-30,104.297432,Index,20,Vegetable Ghee
2017-11-30,125.948715,Index,30,Tea Blended
2017-11-30,109.3681103,Index,40,Cigarettes
2017-11-30,100.5826063,Index,50,Cotton Yarn
2017-11-30,100.3480619,Index,60,Cotton Cloth
2017-11-30,131.0580205,Index,70,Jute Goods
2017-11-30,116.8982016,Index,80,Paper & Board
2017-11-30,122.8719801,Index,90,Cement
2017-11-30,123.082895,Index,100,Automobiles
2017-11-30,88.35351178,Index,110,Fertilizers
2017-10-31,107.8387471,Index,10,Overall
2017-10-31,112.1692099,Index,20,Vegetable Ghee
2017-10-31,115.3347168,Index,30,Tea Blended
2017-10-31,117.1480886,Index,40,Cigarettes
2017-10-31,100.646032,Index,50,Cotton Yarn
2017-10-31,100.5790126,Index,60,Cotton Cloth
2017-10-31,129.5411452,Index,70,Jute Goods
2017-10-31,120.0887127,Index,80,Paper & Board
2017-10-31,125.615263,Index,90,Cement
2017-10-31,136.6234227,Index,100,Automobiles
2017-10-31,82.50545676,Index,110,Fertilizers
2017-09-30,103.1322175,Index,10,Overall
2017-09-30,104.1823956,Index,20,Vegetable Ghee
2017-09-30,89.39616015,Index,30,Tea Blended
2017-09-30,86.9250028,Index,40,Cigarettes
2017-09-30,100.4857059,Index,50,Cotton Yarn
2017-09-30,100.7118092,Index,60,Cotton Cloth
2017-09-30,111.793705,Index,70,Jute Goods
2017-09-30,109.6752937,Index,80,Paper & Board
2017-09-30,96.18424023,Index,90,Cement
2017-09-30,126.6689119,Index,100,Automobiles
2017-09-30,91.18156514,Index,110,Fertilizers
2017-08-31,108.357507,Index,10,Overall
2017-08-31,112.1015414,Index,20,Vegetable Ghee
2017-08-31,106.5579242,Index,30,Tea Blended
2017-08-31,114.3455028,Index,40,Cigarettes
2017-08-31,100.4011383,Index,50,Cotton Yarn
2017-08-31,100.5616913,Index,60,Cotton Cloth
2017-08-31,130.5812883,Index,70,Jute Goods
2017-08-31,111.7859092,Index,80,Paper & Board
2017-08-31,115.996839,Index,90,Cement
2017-08-31,134.1199098,Index,100,Automobiles
2017-08-31,108.1218433,Index,110,Fertilizers
2017-07-31,105.8831883,Index,10,Overall
2017-07-31,109.5804071,Index,20,Vegetable Ghee
2017-07-31,102.3784992,Index,30,Tea Blended
2017-07-31,122.1479018,Index,40,Cigarettes
2017-07-31,100.2971906,Index,50,Cotton Yarn
2017-07-31,100.5328224,Index,60,Cotton Cloth
2017-07-31,127.0057966,Index,70,Jute Goods
2017-07-31,114.000777,Index,80,Paper & Board
2017-07-31,103.8722059,Index,90,Cement
2017-07-31,129.0086247,Index,100,Automobiles
2017-07-31,103.3032426,Index,110,Fertilizers
2017-06-30,101.955001,Index,10,Overall
2017-06-30,105.203223,Index,20,Vegetable Ghee
2017-06-30,102.8399774,Index,30,Tea Blended
2017-06-30,93.15795374,Index,40,Cigarettes
2017-06-30,100.4328511,Index,50,Cotton Yarn
2017-06-30,99.39539042,Index,60,Cotton Cloth
2017-06-30,112.2270979,Index,70,Jute Goods
2017-06-30,98.44556018,Index,80,Paper & Board
2017-06-30,89.81711447,Index,90,Cement
2017-06-30,84.97482017,Index,100,Automobiles
2017-06-30,103.8589771,Index,110,Fertilizers
2017-05-31,104.7952005,Index,10,Overall
2017-05-31,109.998985,Index,20,Vegetable Ghee
2017-05-31,114.0199393,Index,30,Tea Blended
2017-05-31,43.49613243,Index,40,Cigarettes
2017-05-31,100.5861299,Index,50,Cotton Yarn
2017-05-31,100.1171112,Index,60,Cotton Cloth
2017-05-31,138.2306734,Index,70,Jute Goods
2017-05-31,115.3403195,Index,80,Paper & Board
2017-05-31,110.205464,Index,90,Cement
2017-05-31,127.7410893,Index,100,Automobiles
2017-05-31,114.0731206,Index,110,Fertilizers
2017-04-30,107.3096068,Index,10,Overall
2017-04-30,101.7395633,Index,20,Vegetable Ghee
2017-04-30,103.3275769,Index,30,Tea Blended
2017-04-30,80.01943126,Index,40,Cigarettes
2017-04-30,100.4152329,Index,50,Cotton Yarn
2017-04-30,99.67253121,Index,60,Cotton Cloth
2017-04-30,141.6978168,Index,70,Jute Goods
2017-04-30,114.4276209,Index,80,Paper & Board
2017-04-30,113.0842177,Index,90,Cement
2017-04-30,116.7467921,Index,100,Automobiles
2017-04-30,91.84787252,Index,110,Fertilizers
2017-03-31,123.4979099,Index,10,Overall
2017-03-31,104.7933453,Index,20,Vegetable Ghee
2017-03-31,119.4009491,Index,30,Tea Blended
2017-03-31,55.89477224,Index,40,Cigarettes
2017-03-31,101.2873364,Index,50,Cotton Yarn
2017-03-31,101.0409139,Index,60,Cotton Cloth
2017-03-31,153.5294436,Index,70,Jute Goods
2017-03-31,121.8078907,Index,80,Paper & Board
2017-03-31,118.5707835,Index,90,Cement
2017-03-31,124.5115386,Index,100,Automobiles
2017-03-31,112.1160909,Index,110,Fertilizers
2017-02-28,113.3549977,Index,10,Overall
2017-02-28,99.90961424,Index,20,Vegetable Ghee
2017-02-28,116.6756157,Index,30,Tea Blended
2017-02-28,64.14558499,Index,40,Cigarettes
2017-02-28,101.1640086,Index,50,Cotton Yarn
2017-02-28,100.8099632,Index,60,Cotton Cloth
2017-02-28,139.1407985,Index,70,Jute Goods
2017-02-28,114.0165132,Index,80,Paper & Board
2017-02-28,104.1431474,Index,90,Cement
2017-02-28,112.47599,Index,100,Automobiles
2017-02-28,88.85205524,Index,110,Fertilizers
2017-01-31,110.651532,Index,10,Overall
2017-01-31,107.467217,Index,20,Vegetable Ghee
2017-01-31,96.14419016,Index,30,Tea Blended
2017-01-31,50.19991779,Index,40,Cigarettes
2017-01-31,101.0935356,Index,50,Cotton Yarn
2017-01-31,100.7522255,Index,60,Cotton Cloth
2017-01-31,137.6455929,Index,70,Jute Goods
2017-01-31,116.3415342,Index,80,Paper & Board
2017-01-31,99.94355385,Index,90,Cement
2017-01-31,114.9556767,Index,100,Automobiles
2017-01-31,77.56576741,Index,110,Fertilizers
2016-12-31,108.3878542,Index,10,Overall
2016-12-31,109.4731042,Index,20,Vegetable Ghee
2016-12-31,116.63208,Index,30,Tea Blended
2016-12-31,35.20047831,Index,40,Cigarettes
2016-12-31,100.9349713,Index,50,Cotton Yarn
2016-12-31,100.4057996,Index,60,Cotton Cloth
2016-12-31,107.3297578,Index,70,Jute Goods
2016-12-31,114.435489,Index,80,Paper & Board
2016-12-31,110.6118763,Index,90,Cement
2016-12-31,104.0451195,Index,100,Automobiles
2016-12-31,100.0797332,Index,110,Fertilizers
2016-11-30,100.147196,Index,10,Overall
2016-11-30,108.4841777,Index,20,Vegetable Ghee
2016-11-30,113.5323398,Index,30,Tea Blended
2016-11-30,90.37778857,Index,40,Cigarettes
2016-11-30,100.4680876,Index,50,Cotton Yarn
2016-11-30,100.2325866,Index,60,Cotton Cloth
2016-11-30,93.95958611,Index,70,Jute Goods
2016-11-30,106.2271026,Index,80,Paper & Board
2016-11-30,117.4531497,Index,90,Cement
2016-11-30,107.9152899,Index,100,Automobiles
2016-11-30,105.2719527,Index,110,Fertilizers
2016-10-31,98.16784053,Index,10,Overall
2016-10-31,98.05549782,Index,20,Vegetable Ghee
2016-10-31,107.9075302,Index,30,Tea Blended
2016-10-31,89.03254736,Index,40,Cigarettes
2016-10-31,100.635461,Index,50,Cotton Yarn
2016-10-31,100.5212749,Index,60,Cotton Cloth
2016-10-31,87.54537082,Index,70,Jute Goods
2016-10-31,107.9502147,Index,80,Paper & Board
2016-10-31,108.8507564,Index,90,Cement
2016-10-31,104.3007076,Index,100,Automobiles
2016-10-31,105.5091834,Index,110,Fertilizers
2016-09-30,93.72849123,Index,10,Overall
2016-09-30,98.0970656,Index,20,Vegetable Ghee
2016-09-30,105.3737538,Index,30,Tea Blended
2016-09-30,52.37472441,Index,40,Cigarettes
2016-09-30,100.4416602,Index,50,Cotton Yarn
2016-09-30,100.6944879,Index,60,Cotton Cloth
2016-09-30,60.28495585,Index,70,Jute Goods
2016-09-30,107.5056675,Index,80,Paper & Board
2016-09-30,97.91149244,Index,90,Cement
2016-09-30,99.13386883,Index,100,Automobiles
2016-09-30,109.0903377,Index,110,Fertilizers
2016-08-31,96.98941318,Index,10,Overall
2016-08-31,98.23916942,Index,20,Vegetable Ghee
2016-08-31,104.9645184,Index,30,Tea Blended
2016-08-31,76.29759725,Index,40,Cigarettes
2016-08-31,100.1826719,Index,50,Cotton Yarn
2016-08-31,100.6367502,Index,60,Cotton Cloth
2016-08-31,68.12936779,Index,70,Jute Goods
2016-08-31,107.5037005,Index,80,Paper & Board
2016-08-31,107.2251072,Index,90,Cement
2016-08-31,114.2745962,Index,100,Automobiles
2016-08-31,107.9219355,Index,110,Fertilizers
2016-07-31,91.70136303,Index,10,Overall
2016-07-31,95.98870903,Index,20,Vegetable Ghee
2016-07-31,97.33706773,Index,30,Tea Blended
2016-07-31,39.75187773,Index,40,Cigarettes
2016-07-31,100.2912004,Index,50,Cotton Yarn
2016-07-31,100.5212749,Index,60,Cotton Cloth
2016-07-31,58.07465193,Index,70,Jute Goods
2016-07-31,90.95513713,Index,80,Paper & Board
2016-07-31,76.03296455,Index,90,Cement
2016-07-31,85.6809504,Index,100,Automobiles
2016-07-31,103.9527058,Index,110,Fertilizers
